{
  "mean_ms": 217.31728335143998,
  "stdev_ms": 101.60563539133706,
  "min_ms": 132.76466600655112,
  "max_ms": 538.5043749993201,
  "n_runs": 20,
  "all_times_ms": [
    142.5489999965066,
    214.02733400464058,
    156.32104199903551,
    182.2496249951655,
    146.29716699710116,
    189.30533299862873,
    182.95775000297,
    132.76466600655112,
    167.63929200533312,
    146.13354099856224,
    538.5043749993201,
    271.25187500496395,
    158.24350000184495,
    198.5618750040885,
    201.01787500607315,
    376.47195800673217,
    219.7657919896301,
    141.1569580086507,
    213.55066700198222,
    367.57604200101923
  ]
}